setup,343.3
q1,2483.0381870269775
q2,2993.736505508423
q3,2647.4952697753906
q4,1620.7962036132812
q5,4177.619218826294
q6,772.1409797668457
q7,6022.9973793029785
q8,4978.259801864624
q9,5866.748571395874
q10,2531.9337844848633
q11,1975.6076335906982
q12,1440.276861190796
q13,2804.0502071380615
q14,1346.3287353515625
q17,11243.443727493286
q18,8338.258743286133
q19,1710.6654644012451
q20,3922.335147857666
q21,7511.938571929932
q22,1455.5747509002686
