setup,753.2
q1,2557.5075149536133
q2,3537.4293327331543
q3,2997.9193210601807
q4,1822.6640224456787
q5,4447.318315505981
q6,974.9960899353027
q7,5558.066368103027
q8,5771.917104721069
q9,9202.585220336914
q10,3341.019630432129
q11,3646.613597869873
q12,2248.739004135132
q13,3272.228956222534
q14,1220.4959392547607
q17,13550.939798355103
q18,13077.497720718384
q19,1536.2129211425781
q20,4871.420621871948
q21,8074.418783187866
q22,1678.9517402648926
