setup,261.1
q1,2129.4021606445312
q2,3147.106568018595
q3,2882.998069127401
q4,1804.4888973236084
q5,4515.316645304362
q6,737.3295625050863
q7,6253.084421157837
q8,5476.67670249939
q9,5779.110113779704
q10,2812.2644424438477
q11,2404.5356114705405
q12,1593.096176783244
q13,2883.157173792521
q14,1336.61683400472
q17,10078.385273615519
q18,8140.114386876424
q19,1580.6934038798015
q20,3745.104948679606
q21,6236.590623855591
