setup,378.2
q1,2267.021417617798
q2,3395.7881927490234
q3,2598.3288288116455
q4,1827.848196029663
q5,4323.443174362183
q6,670.1903343200684
q7,5654.2253494262695
q8,4963.918685913086
q9,5550.480604171753
q10,2971.9507694244385
q11,2090.984582901001
q12,1634.718656539917
q13,2984.039783477783
q14,1319.7197914123535
q17,9440.995454788208
q18,7765.886545181274
q19,1729.7453880310059
q20,3995.9075450897217
q21,6376.787424087524
q22,1647.5956439971924
