b1_lp,b1_cnt,b1_cntd,b2_lp,b2_cnt,b2_cntd,b3_lp,b3_cnt,b3_cntd,b4_lp,b4_cnt,b4_cntd,b5_lp,b5_cnt,b5_cntd,b6_lp,b6_cnt,b6_cntd
40.515834,3380291,6012,50.670004,4197242,18707,95.930972,3162783,8882,43.860220,3622259,6100,87.853410,2838083,9465,32.891972,3622251,6715
