B1_LP,B1_CNT,B1_CNTD,B2_LP,B2_CNT,B2_CNTD,B3_LP,B3_CNT,B3_CNTD,B4_LP,B4_CNT,B4_CNTD,B5_LP,B5_CNT,B5_CNTD,B6_LP,B6_CNT,B6_CNTD
40.515835,3380291,6012,50.670005,4197242,18707,95.930972,3162783,8882,43.860220,3622259,6100,87.853410,2838083,9465,32.891973,3622251,6715
