bucket1,bucket2,bucket3,bucket4,bucket5
39.730966,115.436748,191.175839,267.007043,342.840241
