setup,460.0
q1,12780.683517456055
q2,15725.034475326538
q3,43564.70203399658
q4,16977.447032928467
q5,198204.54287528992
q6,2782.7084064483643
q7,320301.7649650574
